ID,Page,Question,Prediction
202439016,0,1,A
202439016,0,2,B
202439016,0,3,C
202439016,0,4,B
202439016,0,5,C
202439016,0,6,D
202439016,0,7,D
202439016,0,8,D
202439016,0,9,B
202439016,0,10,A
202439016,0,11,E
202439016,0,12,B
202439016,0,13,A
202439016,0,14,D
202439016,0,15,B
202439016,0,16,A
202439016,0,17,C
202439016,0,18,A
202439016,0,19,B
202439016,0,20,B
202439016,0,21,A
202439016,0,22,C
202439016,0,23,None
202439016,0,24,None
202439016,0,25,C
202439016,0,26,C
202439016,0,27,B
202439016,0,28,C
202439016,0,29,B
202439016,0,30,A
202439016,0,31,A
202439016,0,32,C
202439016,0,33,B
202439016,0,34,A
202439016,0,35,D
202439016,0,36,B
202439016,0,37,D
202439016,0,38,A
202439016,0,39,C
202439016,0,40,C
202439016,0,41,D
202439016,0,42,B
202439016,0,43,D
202439016,0,44,B
202439016,0,45,D
202439016,0,46,B
202439016,0,47,None
202439016,0,48,None
202439016,0,49,None
202439016,0,50,None
202439016,0,51,C
202439016,0,52,B
202439016,0,53,D
202439016,0,54,B
202439016,0,55,A
202439016,0,56,B
202439016,0,57,C
202439016,0,58,B
202439016,0,59,A
202439016,0,60,D
202439016,0,61,B
202439016,0,62,B
202439016,0,63,D
202439016,0,64,B
202439016,0,65,A
202439016,0,66,B
202439016,0,67,E
202439016,0,68,A
202439016,0,69,C
202439016,0,70,A
202439016,0,71,C
202439016,0,72,E
202439016,0,73,D
202439016,0,74,D
202439016,0,75,D
202439016,0,76,B
202439016,0,77,B
202439016,0,78,A
202439016,0,79,C
202439016,0,80,B
202439016,0,81,B
202439016,0,82,D
202439016,0,83,B
202439016,0,84,E
202439016,0,85,C
202439016,0,86,A
202439016,0,87,B
202439016,0,88,D
202439016,0,89,E
202439016,0,90,A
202439016,0,91,B
202439016,0,92,C
202439016,0,93,E
202439016,0,94,A
202439016,0,95,C
202439016,0,96,A
202439016,0,97,C
202439016,0,98,A
202439016,0,99,C
202439016,0,100,A
202439016,0,101,D
202439016,0,102,B
202439016,0,103,B
202439016,0,104,E
202439016,0,105,A
202439016,0,106,A
202439016,0,107,C
202439016,0,108,B
202439016,0,109,E
202439016,0,110,B
202439016,0,111,A
202439016,0,112,D
202439016,0,113,B
202439016,0,114,A
202439016,0,115,B
202439016,0,116,C
202439016,0,117,B
202439016,0,118,A
202439016,0,119,C
202439016,0,120,B
